learner_id,split
sim-learner-000001,train
sim-learner-000002,test
sim-learner-000003,train
sim-learner-000004,train
sim-learner-000005,validation
sim-learner-000006,test
sim-learner-000007,train
sim-learner-000008,train
sim-learner-000009,train
sim-learner-000010,train
sim-learner-000011,test
sim-learner-000012,train
sim-learner-000013,train
sim-learner-000014,validation
sim-learner-000015,train
sim-learner-000016,test
sim-learner-000017,train
sim-learner-000018,train
sim-learner-000019,validation
sim-learner-000020,train
sim-learner-000021,train
sim-learner-000022,train
sim-learner-000023,train
sim-learner-000024,train
sim-learner-000025,train
sim-learner-000026,train
sim-learner-000027,train
sim-learner-000028,train
sim-learner-000029,train
sim-learner-000030,train
sim-learner-000031,train
sim-learner-000032,train
sim-learner-000033,validation
sim-learner-000034,train
sim-learner-000035,test
sim-learner-000036,train
sim-learner-000037,train
sim-learner-000038,validation
sim-learner-000039,train
sim-learner-000040,test
sim-learner-000041,train
sim-learner-000042,test
sim-learner-000043,test
sim-learner-000044,train
sim-learner-000045,train
sim-learner-000046,train
sim-learner-000047,train
sim-learner-000048,train
sim-learner-000049,train
sim-learner-000050,test
sim-learner-000051,train
sim-learner-000052,train
sim-learner-000053,validation
sim-learner-000054,train
sim-learner-000055,train
sim-learner-000056,train
sim-learner-000057,train
sim-learner-000058,test
sim-learner-000059,train
sim-learner-000060,train
sim-learner-000061,train
sim-learner-000062,train
sim-learner-000063,train
sim-learner-000064,test
sim-learner-000065,train
sim-learner-000066,test
sim-learner-000067,train
sim-learner-000068,train
sim-learner-000069,train
sim-learner-000070,test
sim-learner-000071,validation
sim-learner-000072,train
sim-learner-000073,train
sim-learner-000074,train
sim-learner-000075,train
sim-learner-000076,train
sim-learner-000077,test
sim-learner-000078,train
sim-learner-000079,validation
sim-learner-000080,train
sim-learner-000081,train
sim-learner-000082,validation
sim-learner-000083,train
sim-learner-000084,train
sim-learner-000085,train
sim-learner-000086,train
sim-learner-000087,train
sim-learner-000088,test
sim-learner-000089,train
sim-learner-000090,train
sim-learner-000091,train
sim-learner-000092,train
sim-learner-000093,train
sim-learner-000094,validation
sim-learner-000095,validation
sim-learner-000096,validation
sim-learner-000097,train
sim-learner-000098,train
sim-learner-000099,train
sim-learner-000100,train
sim-learner-000101,train
sim-learner-000102,train
sim-learner-000103,test
sim-learner-000104,train
sim-learner-000105,train
sim-learner-000106,validation
sim-learner-000107,validation
sim-learner-000108,train
sim-learner-000109,train
sim-learner-000110,validation
sim-learner-000111,train
sim-learner-000112,test
sim-learner-000113,validation
sim-learner-000114,test
sim-learner-000115,test
sim-learner-000116,train
sim-learner-000117,train
sim-learner-000118,test
sim-learner-000119,train
sim-learner-000120,train
sim-learner-000121,train
sim-learner-000122,train
sim-learner-000123,validation
sim-learner-000124,test
sim-learner-000125,train
sim-learner-000126,train
sim-learner-000127,train
sim-learner-000128,train
sim-learner-000129,train
sim-learner-000130,train
sim-learner-000131,train
sim-learner-000132,train
sim-learner-000133,train
sim-learner-000134,train
sim-learner-000135,train
sim-learner-000136,train
sim-learner-000137,train
sim-learner-000138,test
sim-learner-000139,train
sim-learner-000140,train
sim-learner-000141,train
sim-learner-000142,test
sim-learner-000143,train
sim-learner-000144,train
sim-learner-000145,train
sim-learner-000146,train
sim-learner-000147,train
sim-learner-000148,train
sim-learner-000149,train
sim-learner-000150,validation
sim-learner-000151,train
sim-learner-000152,train
sim-learner-000153,train
sim-learner-000154,train
sim-learner-000155,train
sim-learner-000156,train
sim-learner-000157,train
sim-learner-000158,validation
sim-learner-000159,validation
sim-learner-000160,train
sim-learner-000161,train
sim-learner-000162,validation
sim-learner-000163,train
sim-learner-000164,train
sim-learner-000165,train
sim-learner-000166,validation
sim-learner-000167,train
sim-learner-000168,test
sim-learner-000169,train
sim-learner-000170,train
sim-learner-000171,test
sim-learner-000172,train
sim-learner-000173,train
sim-learner-000174,train
sim-learner-000175,train
sim-learner-000176,validation
sim-learner-000177,train
sim-learner-000178,test
sim-learner-000179,train
sim-learner-000180,train
sim-learner-000181,train
sim-learner-000182,validation
sim-learner-000183,test
sim-learner-000184,train
sim-learner-000185,train
sim-learner-000186,train
sim-learner-000187,validation
sim-learner-000188,test
sim-learner-000189,test
sim-learner-000190,test
sim-learner-000191,validation
sim-learner-000192,train
sim-learner-000193,train
sim-learner-000194,train
sim-learner-000195,train
sim-learner-000196,test
sim-learner-000197,train
sim-learner-000198,train
sim-learner-000199,train
sim-learner-000200,train
sim-learner-000201,train
sim-learner-000202,train
sim-learner-000203,train
sim-learner-000204,train
sim-learner-000205,train
sim-learner-000206,validation
sim-learner-000207,train
sim-learner-000208,validation
sim-learner-000209,train
sim-learner-000210,validation
sim-learner-000211,train
sim-learner-000212,train
sim-learner-000213,test
sim-learner-000214,train
sim-learner-000215,validation
sim-learner-000216,train
sim-learner-000217,validation
sim-learner-000218,train
sim-learner-000219,train
sim-learner-000220,train
sim-learner-000221,train
sim-learner-000222,test
sim-learner-000223,train
sim-learner-000224,validation
sim-learner-000225,train
sim-learner-000226,train
sim-learner-000227,train
sim-learner-000228,validation
sim-learner-000229,train
sim-learner-000230,train
sim-learner-000231,train
sim-learner-000232,train
sim-learner-000233,train
sim-learner-000234,validation
sim-learner-000235,train
sim-learner-000236,train
sim-learner-000237,train
sim-learner-000238,train
sim-learner-000239,train
sim-learner-000240,train
sim-learner-000241,validation
sim-learner-000242,train
sim-learner-000243,train
sim-learner-000244,train
sim-learner-000245,train
sim-learner-000246,train
sim-learner-000247,train
sim-learner-000248,train
sim-learner-000249,train
sim-learner-000250,train
sim-learner-000251,train
sim-learner-000252,validation
sim-learner-000253,train
sim-learner-000254,train
sim-learner-000255,train
sim-learner-000256,validation
sim-learner-000257,train
sim-learner-000258,validation
sim-learner-000259,train
sim-learner-000260,train
sim-learner-000261,train
sim-learner-000262,train
sim-learner-000263,train
sim-learner-000264,validation
sim-learner-000265,train
sim-learner-000266,train
sim-learner-000267,validation
sim-learner-000268,validation
sim-learner-000269,train
sim-learner-000270,train
sim-learner-000271,validation
sim-learner-000272,train
sim-learner-000273,test
sim-learner-000274,train
sim-learner-000275,train
sim-learner-000276,test
sim-learner-000277,train
sim-learner-000278,test
sim-learner-000279,train
sim-learner-000280,test
sim-learner-000281,train
sim-learner-000282,train
sim-learner-000283,train
sim-learner-000284,train
sim-learner-000285,train
sim-learner-000286,train
sim-learner-000287,test
sim-learner-000288,test
sim-learner-000289,train
sim-learner-000290,train
sim-learner-000291,test
sim-learner-000292,validation
sim-learner-000293,train
sim-learner-000294,train
sim-learner-000295,train
sim-learner-000296,train
sim-learner-000297,test
sim-learner-000298,train
sim-learner-000299,train
sim-learner-000300,train
sim-learner-000301,test
sim-learner-000302,test
sim-learner-000303,train
sim-learner-000304,test
sim-learner-000305,train
sim-learner-000306,train
sim-learner-000307,train
sim-learner-000308,train
sim-learner-000309,train
sim-learner-000310,train
sim-learner-000311,train
sim-learner-000312,validation
sim-learner-000313,train
sim-learner-000314,test
sim-learner-000315,test
sim-learner-000316,train
sim-learner-000317,validation
sim-learner-000318,test
sim-learner-000319,validation
sim-learner-000320,train
sim-learner-000321,train
sim-learner-000322,train
sim-learner-000323,validation
sim-learner-000324,validation
sim-learner-000325,train
sim-learner-000326,train
sim-learner-000327,train
sim-learner-000328,train
sim-learner-000329,train
sim-learner-000330,test
sim-learner-000331,train
sim-learner-000332,train
sim-learner-000333,test
sim-learner-000334,test
sim-learner-000335,train
sim-learner-000336,validation
sim-learner-000337,train
sim-learner-000338,train
sim-learner-000339,train
sim-learner-000340,test
sim-learner-000341,train
sim-learner-000342,validation
sim-learner-000343,validation
sim-learner-000344,train
sim-learner-000345,train
sim-learner-000346,train
sim-learner-000347,train
sim-learner-000348,validation
sim-learner-000349,validation
sim-learner-000350,test
sim-learner-000351,train
sim-learner-000352,train
sim-learner-000353,train
sim-learner-000354,train
sim-learner-000355,train
sim-learner-000356,train
sim-learner-000357,train
sim-learner-000358,train
sim-learner-000359,validation
sim-learner-000360,test
sim-learner-000361,train
sim-learner-000362,train
sim-learner-000363,validation
sim-learner-000364,train
sim-learner-000365,validation
sim-learner-000366,train
sim-learner-000367,test
sim-learner-000368,train
sim-learner-000369,train
sim-learner-000370,validation
sim-learner-000371,validation
sim-learner-000372,train
sim-learner-000373,test
sim-learner-000374,train
sim-learner-000375,train
sim-learner-000376,test
sim-learner-000377,validation
sim-learner-000378,train
sim-learner-000379,train
sim-learner-000380,train
sim-learner-000381,train
sim-learner-000382,train
sim-learner-000383,train
sim-learner-000384,train
sim-learner-000385,validation
sim-learner-000386,test
sim-learner-000387,validation
sim-learner-000388,train
sim-learner-000389,train
sim-learner-000390,validation
sim-learner-000391,train
sim-learner-000392,validation
sim-learner-000393,validation
sim-learner-000394,train
sim-learner-000395,train
sim-learner-000396,train
sim-learner-000397,validation
sim-learner-000398,validation
sim-learner-000399,train
sim-learner-000400,train
sim-learner-000401,train
sim-learner-000402,validation
sim-learner-000403,train
sim-learner-000404,test
sim-learner-000405,train
sim-learner-000406,validation
sim-learner-000407,train
sim-learner-000408,validation
sim-learner-000409,train
sim-learner-000410,train
sim-learner-000411,test
sim-learner-000412,validation
sim-learner-000413,validation
sim-learner-000414,train
sim-learner-000415,train
sim-learner-000416,train
sim-learner-000417,validation
sim-learner-000418,train
sim-learner-000419,validation
sim-learner-000420,train
sim-learner-000421,train
sim-learner-000422,train
sim-learner-000423,train
sim-learner-000424,train
sim-learner-000425,train
sim-learner-000426,train
sim-learner-000427,train
sim-learner-000428,train
sim-learner-000429,validation
sim-learner-000430,train
sim-learner-000431,train
sim-learner-000432,train
sim-learner-000433,test
sim-learner-000434,train
sim-learner-000435,train
sim-learner-000436,train
sim-learner-000437,train
sim-learner-000438,test
sim-learner-000439,train
sim-learner-000440,train
sim-learner-000441,validation
sim-learner-000442,train
sim-learner-000443,test
sim-learner-000444,train
sim-learner-000445,train
sim-learner-000446,train
sim-learner-000447,train
sim-learner-000448,train
sim-learner-000449,train
sim-learner-000450,validation
sim-learner-000451,validation
sim-learner-000452,test
sim-learner-000453,validation
sim-learner-000454,validation
sim-learner-000455,train
sim-learner-000456,train
sim-learner-000457,train
sim-learner-000458,train
sim-learner-000459,validation
sim-learner-000460,train
sim-learner-000461,train
sim-learner-000462,train
sim-learner-000463,train
sim-learner-000464,train
sim-learner-000465,train
sim-learner-000466,train
sim-learner-000467,train
sim-learner-000468,train
sim-learner-000469,train
sim-learner-000470,train
sim-learner-000471,train
sim-learner-000472,train
sim-learner-000473,train
sim-learner-000474,validation
sim-learner-000475,train
sim-learner-000476,test
sim-learner-000477,train
sim-learner-000478,train
sim-learner-000479,train
sim-learner-000480,train
sim-learner-000481,train
sim-learner-000482,validation
sim-learner-000483,train
sim-learner-000484,test
sim-learner-000485,test
sim-learner-000486,train
sim-learner-000487,train
sim-learner-000488,validation
sim-learner-000489,train
sim-learner-000490,validation
sim-learner-000491,test
sim-learner-000492,test
sim-learner-000493,validation
sim-learner-000494,train
sim-learner-000495,train
sim-learner-000496,train
sim-learner-000497,train
sim-learner-000498,train
sim-learner-000499,train
sim-learner-000500,validation
sim-learner-000501,test
sim-learner-000502,train
sim-learner-000503,test
sim-learner-000504,test
sim-learner-000505,test
sim-learner-000506,train
sim-learner-000507,validation
sim-learner-000508,validation
sim-learner-000509,test
sim-learner-000510,train
sim-learner-000511,validation
sim-learner-000512,train
sim-learner-000513,train
sim-learner-000514,train
sim-learner-000515,train
sim-learner-000516,train
sim-learner-000517,train
sim-learner-000518,train
sim-learner-000519,test
sim-learner-000520,validation
sim-learner-000521,train
sim-learner-000522,validation
sim-learner-000523,train
sim-learner-000524,validation
sim-learner-000525,train
sim-learner-000526,test
sim-learner-000527,test
sim-learner-000528,train
sim-learner-000529,test
sim-learner-000530,test
sim-learner-000531,train
sim-learner-000532,train
sim-learner-000533,train
sim-learner-000534,validation
sim-learner-000535,test
sim-learner-000536,test
sim-learner-000537,train
sim-learner-000538,validation
sim-learner-000539,train
sim-learner-000540,train
sim-learner-000541,validation
sim-learner-000542,train
sim-learner-000543,train
sim-learner-000544,test
sim-learner-000545,train
sim-learner-000546,train
sim-learner-000547,train
sim-learner-000548,test
sim-learner-000549,test
sim-learner-000550,validation
sim-learner-000551,train
sim-learner-000552,train
sim-learner-000553,train
sim-learner-000554,test
sim-learner-000555,train
sim-learner-000556,test
sim-learner-000557,train
sim-learner-000558,train
sim-learner-000559,train
sim-learner-000560,train
sim-learner-000561,validation
sim-learner-000562,train
sim-learner-000563,train
sim-learner-000564,train
sim-learner-000565,validation
sim-learner-000566,train
sim-learner-000567,validation
sim-learner-000568,train
sim-learner-000569,train
sim-learner-000570,train
sim-learner-000571,train
sim-learner-000572,validation
sim-learner-000573,train
sim-learner-000574,train
sim-learner-000575,train
sim-learner-000576,train
sim-learner-000577,train
sim-learner-000578,train
sim-learner-000579,validation
sim-learner-000580,train
sim-learner-000581,train
sim-learner-000582,train
sim-learner-000583,train
sim-learner-000584,test
sim-learner-000585,train
sim-learner-000586,train
sim-learner-000587,test
sim-learner-000588,validation
sim-learner-000589,train
sim-learner-000590,train
sim-learner-000591,test
sim-learner-000592,train
sim-learner-000593,train
sim-learner-000594,train
sim-learner-000595,train
sim-learner-000596,train
sim-learner-000597,train
sim-learner-000598,test
sim-learner-000599,train
sim-learner-000600,test
sim-learner-000601,validation
sim-learner-000602,train
sim-learner-000603,test
sim-learner-000604,train
sim-learner-000605,validation
sim-learner-000606,train
sim-learner-000607,validation
sim-learner-000608,train
sim-learner-000609,train
sim-learner-000610,test
sim-learner-000611,train
sim-learner-000612,test
sim-learner-000613,train
sim-learner-000614,train
sim-learner-000615,train
sim-learner-000616,test
sim-learner-000617,train
sim-learner-000618,test
sim-learner-000619,train
sim-learner-000620,train
sim-learner-000621,train
sim-learner-000622,test
sim-learner-000623,test
sim-learner-000624,train
sim-learner-000625,train
sim-learner-000626,validation
sim-learner-000627,train
sim-learner-000628,train
sim-learner-000629,test
sim-learner-000630,train
sim-learner-000631,train
sim-learner-000632,train
sim-learner-000633,train
sim-learner-000634,validation
sim-learner-000635,test
sim-learner-000636,train
sim-learner-000637,train
sim-learner-000638,test
sim-learner-000639,train
sim-learner-000640,train
sim-learner-000641,validation
sim-learner-000642,test
sim-learner-000643,validation
sim-learner-000644,train
sim-learner-000645,train
sim-learner-000646,train
sim-learner-000647,train
sim-learner-000648,train
sim-learner-000649,test
sim-learner-000650,validation
sim-learner-000651,train
sim-learner-000652,test
sim-learner-000653,train
sim-learner-000654,train
sim-learner-000655,test
sim-learner-000656,train
sim-learner-000657,train
sim-learner-000658,train
sim-learner-000659,train
sim-learner-000660,train
sim-learner-000661,train
sim-learner-000662,train
sim-learner-000663,train
sim-learner-000664,train
sim-learner-000665,train
sim-learner-000666,validation
sim-learner-000667,train
sim-learner-000668,validation
sim-learner-000669,train
sim-learner-000670,test
sim-learner-000671,train
sim-learner-000672,train
sim-learner-000673,test
sim-learner-000674,train
sim-learner-000675,train
sim-learner-000676,test
sim-learner-000677,train
sim-learner-000678,train
sim-learner-000679,train
sim-learner-000680,train
sim-learner-000681,train
sim-learner-000682,validation
sim-learner-000683,train
sim-learner-000684,train
sim-learner-000685,train
sim-learner-000686,validation
sim-learner-000687,train
sim-learner-000688,test
sim-learner-000689,train
sim-learner-000690,test
sim-learner-000691,train
sim-learner-000692,train
sim-learner-000693,train
sim-learner-000694,train
sim-learner-000695,train
sim-learner-000696,train
sim-learner-000697,train
sim-learner-000698,train
sim-learner-000699,train
sim-learner-000700,test
sim-learner-000701,train
sim-learner-000702,train
sim-learner-000703,test
sim-learner-000704,train
sim-learner-000705,train
sim-learner-000706,train
sim-learner-000707,test
sim-learner-000708,train
sim-learner-000709,train
sim-learner-000710,train
sim-learner-000711,train
sim-learner-000712,test
sim-learner-000713,train
sim-learner-000714,train
sim-learner-000715,train
sim-learner-000716,train
sim-learner-000717,train
sim-learner-000718,train
sim-learner-000719,test
sim-learner-000720,train
sim-learner-000721,test
sim-learner-000722,validation
sim-learner-000723,validation
sim-learner-000724,train
sim-learner-000725,train
sim-learner-000726,train
sim-learner-000727,train
sim-learner-000728,validation
sim-learner-000729,train
sim-learner-000730,train
sim-learner-000731,validation
sim-learner-000732,train
sim-learner-000733,test
sim-learner-000734,train
sim-learner-000735,train
sim-learner-000736,test
sim-learner-000737,test
sim-learner-000738,train
sim-learner-000739,train
sim-learner-000740,train
sim-learner-000741,train
sim-learner-000742,train
sim-learner-000743,train
sim-learner-000744,train
sim-learner-000745,train
sim-learner-000746,train
sim-learner-000747,train
sim-learner-000748,train
sim-learner-000749,train
sim-learner-000750,test
sim-learner-000751,train
sim-learner-000752,train
sim-learner-000753,test
sim-learner-000754,train
sim-learner-000755,train
sim-learner-000756,train
sim-learner-000757,train
sim-learner-000758,train
sim-learner-000759,train
sim-learner-000760,validation
sim-learner-000761,validation
sim-learner-000762,train
sim-learner-000763,train
sim-learner-000764,validation
sim-learner-000765,train
sim-learner-000766,train
sim-learner-000767,train
sim-learner-000768,train
sim-learner-000769,train
sim-learner-000770,train
sim-learner-000771,validation
sim-learner-000772,train
sim-learner-000773,train
sim-learner-000774,train
sim-learner-000775,train
sim-learner-000776,train
sim-learner-000777,train
sim-learner-000778,train
sim-learner-000779,train
sim-learner-000780,test
sim-learner-000781,train
sim-learner-000782,train
sim-learner-000783,train
sim-learner-000784,train
sim-learner-000785,train
sim-learner-000786,train
sim-learner-000787,test
sim-learner-000788,train
sim-learner-000789,train
sim-learner-000790,train
sim-learner-000791,test
sim-learner-000792,test
sim-learner-000793,train
sim-learner-000794,train
sim-learner-000795,train
sim-learner-000796,train
sim-learner-000797,train
sim-learner-000798,train
sim-learner-000799,train
sim-learner-000800,train
sim-learner-000801,train
sim-learner-000802,train
sim-learner-000803,train
sim-learner-000804,train
sim-learner-000805,validation
sim-learner-000806,train
sim-learner-000807,train
sim-learner-000808,train
sim-learner-000809,train
sim-learner-000810,test
sim-learner-000811,train
sim-learner-000812,validation
sim-learner-000813,test
sim-learner-000814,train
sim-learner-000815,train
sim-learner-000816,train
sim-learner-000817,train
sim-learner-000818,train
sim-learner-000819,train
sim-learner-000820,train
sim-learner-000821,validation
sim-learner-000822,test
sim-learner-000823,train
sim-learner-000824,train
sim-learner-000825,train
sim-learner-000826,train
sim-learner-000827,validation
sim-learner-000828,validation
sim-learner-000829,test
sim-learner-000830,train
sim-learner-000831,train
sim-learner-000832,train
sim-learner-000833,test
sim-learner-000834,train
sim-learner-000835,train
sim-learner-000836,train
sim-learner-000837,train
sim-learner-000838,test
sim-learner-000839,validation
sim-learner-000840,train
sim-learner-000841,train
sim-learner-000842,train
sim-learner-000843,train
sim-learner-000844,validation
sim-learner-000845,train
sim-learner-000846,train
sim-learner-000847,validation
sim-learner-000848,train
sim-learner-000849,train
sim-learner-000850,train
sim-learner-000851,validation
sim-learner-000852,test
sim-learner-000853,train
sim-learner-000854,train
sim-learner-000855,train
sim-learner-000856,train
sim-learner-000857,train
sim-learner-000858,train
sim-learner-000859,train
sim-learner-000860,train
sim-learner-000861,train
sim-learner-000862,test
sim-learner-000863,train
sim-learner-000864,validation
sim-learner-000865,validation
sim-learner-000866,train
sim-learner-000867,train
sim-learner-000868,train
sim-learner-000869,train
sim-learner-000870,train
sim-learner-000871,train
sim-learner-000872,train
sim-learner-000873,train
sim-learner-000874,train
sim-learner-000875,train
sim-learner-000876,train
sim-learner-000877,train
sim-learner-000878,validation
sim-learner-000879,train
sim-learner-000880,train
sim-learner-000881,train
sim-learner-000882,train
sim-learner-000883,train
sim-learner-000884,train
sim-learner-000885,validation
sim-learner-000886,train
sim-learner-000887,validation
sim-learner-000888,train
sim-learner-000889,train
sim-learner-000890,train
sim-learner-000891,train
sim-learner-000892,train
sim-learner-000893,train
sim-learner-000894,test
sim-learner-000895,train
sim-learner-000896,validation
sim-learner-000897,train
sim-learner-000898,train
sim-learner-000899,train
sim-learner-000900,train
sim-learner-000901,train
sim-learner-000902,train
sim-learner-000903,train
sim-learner-000904,train
sim-learner-000905,train
sim-learner-000906,train
sim-learner-000907,train
sim-learner-000908,train
sim-learner-000909,test
sim-learner-000910,train
sim-learner-000911,test
sim-learner-000912,train
sim-learner-000913,validation
sim-learner-000914,train
sim-learner-000915,train
sim-learner-000916,train
sim-learner-000917,train
sim-learner-000918,train
sim-learner-000919,test
sim-learner-000920,validation
sim-learner-000921,validation
sim-learner-000922,train
sim-learner-000923,train
sim-learner-000924,train
sim-learner-000925,train
sim-learner-000926,train
sim-learner-000927,train
sim-learner-000928,test
sim-learner-000929,validation
sim-learner-000930,train
sim-learner-000931,validation
sim-learner-000932,train
sim-learner-000933,test
sim-learner-000934,train
sim-learner-000935,train
sim-learner-000936,train
sim-learner-000937,train
sim-learner-000938,train
sim-learner-000939,train
sim-learner-000940,test
sim-learner-000941,train
sim-learner-000942,train
sim-learner-000943,validation
sim-learner-000944,test
sim-learner-000945,train
sim-learner-000946,train
sim-learner-000947,train
sim-learner-000948,train
sim-learner-000949,test
sim-learner-000950,validation
sim-learner-000951,train
sim-learner-000952,train
sim-learner-000953,train
sim-learner-000954,test
sim-learner-000955,train
sim-learner-000956,train
sim-learner-000957,test
sim-learner-000958,validation
sim-learner-000959,train
sim-learner-000960,validation
sim-learner-000961,train
sim-learner-000962,test
sim-learner-000963,test
sim-learner-000964,train
sim-learner-000965,train
sim-learner-000966,validation
sim-learner-000967,train
sim-learner-000968,test
sim-learner-000969,train
sim-learner-000970,train
sim-learner-000971,test
sim-learner-000972,train
sim-learner-000973,train
sim-learner-000974,test
sim-learner-000975,test
sim-learner-000976,train
sim-learner-000977,train
sim-learner-000978,train
sim-learner-000979,train
sim-learner-000980,train
sim-learner-000981,train
sim-learner-000982,train
sim-learner-000983,test
sim-learner-000984,train
sim-learner-000985,train
sim-learner-000986,train
sim-learner-000987,train
sim-learner-000988,train
sim-learner-000989,train
sim-learner-000990,validation
sim-learner-000991,train
sim-learner-000992,train
sim-learner-000993,validation
sim-learner-000994,train
sim-learner-000995,train
sim-learner-000996,train
sim-learner-000997,train
sim-learner-000998,train
sim-learner-000999,train
sim-learner-001000,validation
